,SPECIES,ID,SET
1339,Laurus nobilis,2826,train
736,Micropholis venulosa,3455,train
1765,Hymenaea sp,2410,train
178,Machaerium paraguariense,2912,train
800,Inga vera,2708,train
700,Eugenia pyriformis,1935,train
1516,Vochysia sp,4612,train
1312,Swietenia macrophylla,4550,train
366,Erisma uncinatum,1731,train
1617,Balfourodendron riedelianum,650,train
1052,Pouteria pachycarpa,4334,train
453,Nectandra megapotamica,3810,train
850,Aspidosperma polyneuron,313,train
963,Hymenolobium petraeum,2503,train
913,Peltogyne sp,4115,train
77,Brosimum parinarioides,915,train
1715,Bowdichia sp,834,train
1562,Bagassa guianensis,524,train
657,Grevillea robusta,2234,train
1025,Goupia glabra,2116,train
12,Euxylophora paraensis,2031,train
787,Micropholis venulosa,3443,train
1614,Balfourodendron riedelianum,622,train
17,Euxylophora paraensis,2050,train
1746,Simarouba amara,4423,train
1585,Bagassa guianensis,546,train
1605,Balfourodendron riedelianum,602,train
1751,Simarouba amara,4422,train
1258,Cedrela fissilis,1209,train
642,Grevillea robusta,2232,train
1127,Araucaria angustifolia,213,train
1411,Mimosa scabrella,3510,train
1099,Araucaria angustifolia,220,train
696,Eugenia pyriformis,1912,train
1450,Cordia goeldiana,1436,train
181,Machaerium paraguariense,2907,train
1466,Cordia goeldiana,1418,train
981,Melia azedarach,3243,train
1652,Balfourodendron riedelianum,661,train
1856,Cedrelinga cateniformis,1321,train
184,Machaerium paraguariense,2923,train
749,Micropholis venulosa,3432,train
1273,Swietenia macrophylla,4510,train
168,Mezilaurus itauba,3327,train
630,Eucalyptus sp,1826,train
1699,Bowdichia sp,859,train
82,Brosimum parinarioides,919,train
409,Couratari sp,1514,train
445,Nectandra megapotamica,3814,train
1373,Bertholletia excelsa,725,train
729,Micropholis venulosa,3436,train
904,Peltogyne sp,4160,train
616,Eucalyptus sp,1806,train
1195,Cariniana estrellensis,1129,train
540,Ocotea porosa,4015,train
993,Melia azedarach,3208,train
1490,Ocotea indecora,3923,train
701,Eugenia pyriformis,1908,train
1395,Bertholletia excelsa,724,train
869,Hymenolobium sp,2614,train
1662,Balfourodendron riedelianum,620,train
1769,Hymenaea sp,2425,train
1054,Pouteria pachycarpa,4342,train
1013,Melia azedarach,3235,train
388,Erisma uncinatum,1718,train
1508,Vochysia sp,4635,train
739,Micropholis venulosa,3415,train
303,Manilkara elata,3105,train
864,Hymenolobium sp,2613,train
487,Myroxylon balsamum,3728,train
8,Euxylophora paraensis,2038,train
1668,Bowdichia sp,838,train
718,Eugenia pyriformis,1902,train
1742,Simarouba amara,4404,train
965,Hymenolobium petraeum,2513,train
1741,Simarouba amara,4425,train
959,Hymenolobium petraeum,2502,train
1888,Pinus sp,4239,train
599,Handroanthus sp,2315,train
1436,Cordia goeldiana,1408,train
1892,Pinus sp,4219,train
1045,Goupia glabra,2106,train
504,Myroxylon balsamum,3717,train
461,Carapa guianensis,1021,train
555,Ocotea porosa,4010,train
1327,Swietenia macrophylla,4545,train
1133,Araucaria angustifolia,231,train
1122,Araucaria angustifolia,206,train
1384,Bertholletia excelsa,708,train
199,Machaerium paraguariense,2916,train
1477,Ocotea indecora,3932,train
703,Eugenia pyriformis,1933,train
1539,Vochysia sp,4639,train
1740,Simarouba amara,4418,train
421,Couratari sp,1529,train
226,Dipteryx sp,1601,train
951,Hymenolobium petraeum,2524,train
148,Mezilaurus itauba,3364,train
1576,Bagassa guianensis,551,train
1179,Cariniana estrellensis,1107,train
1385,Bertholletia excelsa,735,train
1150,Acrocarpus fraxinifolius,109,train
891,Peltogyne sp,4128,train
1889,Pinus sp,4205,train
1729,Bowdichia sp,819,train
1063,Pouteria pachycarpa,4338,train
537,Ocotea porosa,4033,train
611,Eucalyptus sp,1812,train
3,Euxylophora paraensis,2057,train
5,Euxylophora paraensis,2064,train
1767,Hymenaea sp,2402,train
1485,Ocotea indecora,3910,train
1443,Cordia goeldiana,1435,train
1349,Laurus nobilis,2815,train
1120,Araucaria angustifolia,226,train
633,Eucalyptus sp,1815,train
510,Myroxylon balsamum,3742,train
19,Euxylophora paraensis,2024,train
652,Grevillea robusta,2202,train
1403,Bertholletia excelsa,720,train
1866,Pinus sp,4214,train
276,Muellera campestris,3602,train
1367,Laurus nobilis,2819,train
1702,Bowdichia sp,811,train
1070,Pouteria pachycarpa,4347,train
284,Manilkara elata,3110,train
896,Peltogyne sp,4103,train
840,Aspidosperma polyneuron,310,train
1321,Swietenia macrophylla,4555,train
920,Peltogyne sp,4122,train
118,Mezilaurus itauba,3325,train
905,Peltogyne sp,4116,train
847,Aspidosperma polyneuron,317,train
1285,Swietenia macrophylla,4567,train
1792,Hymenaea sp,2430,train
1121,Araucaria angustifolia,250,train
1796,Cedrelinga cateniformis,1344,train
419,Couratari sp,1537,train
244,Muellera campestris,3629,train
902,Peltogyne sp,4142,train
607,Handroanthus sp,2321,train
1357,Laurus nobilis,2807,train
1618,Balfourodendron riedelianum,619,train
1251,Cedrela fissilis,1208,train
1646,Balfourodendron riedelianum,627,train
1686,Bowdichia sp,822,train
987,Melia azedarach,3222,train
1887,Pinus sp,4203,train
1270,Swietenia macrophylla,4560,train
769,Micropholis venulosa,3465,train
496,Myroxylon balsamum,3737,train
1000,Melia azedarach,3244,train
539,Ocotea porosa,4020,train
216,Dipteryx sp,1611,train
1624,Balfourodendron riedelianum,613,train
632,Eucalyptus sp,1813,train
1784,Hymenaea sp,2409,train
1391,Bertholletia excelsa,705,train
1126,Araucaria angustifolia,218,train
1822,Cedrelinga cateniformis,1364,train
292,Manilkara elata,3123,train
447,Nectandra megapotamica,3808,train
1781,Hymenaea sp,2432,train
645,Grevillea robusta,2207,train
1884,Pinus sp,4228,train
909,Peltogyne sp,4153,train
1736,Simarouba amara,4406,train
1878,Pinus sp,4223,train
1489,Ocotea indecora,3929,train
617,Eucalyptus sp,1819,train
499,Myroxylon balsamum,3720,train
704,Eugenia pyriformis,1904,train
243,Muellera campestris,3603,train
1419,Mimosa scabrella,3513,train
485,Myroxylon balsamum,3724,train
873,Hymenolobium sp,2624,train
1014,Melia azedarach,3236,train
1602,Bagassa guianensis,536,train
534,Ocotea porosa,4021,train
1171,Cariniana estrellensis,1123,train
1758,Simarouba amara,4421,train
511,Myroxylon balsamum,3706,train
915,Peltogyne sp,4119,train
744,Micropholis venulosa,3448,train
1145,Araucaria angustifolia,254,train
299,Manilkara elata,3106,train
73,Brosimum parinarioides,907,train
1359,Laurus nobilis,2808,train
579,Handroanthus sp,2308,train
1386,Bertholletia excelsa,733,train
757,Micropholis venulosa,3409,train
914,Peltogyne sp,4138,train
1336,Laurus nobilis,2823,train
439,Nectandra megapotamica,3816,train
1591,Bagassa guianensis,534,train
1733,Simarouba amara,4417,train
1002,Melia azedarach,3228,train
973,Melia azedarach,3210,train
1871,Pinus sp,4221,train
254,Muellera campestris,3636,train
1669,Bowdichia sp,821,train
698,Eugenia pyriformis,1929,train
295,Manilkara elata,3114,train
1852,Cedrelinga cateniformis,1306,train
238,Muellera campestris,3633,train
44,Euxylophora paraensis,2060,train
950,Hymenolobium petraeum,2507,train
759,Micropholis venulosa,3434,train
626,Eucalyptus sp,1816,train
1752,Simarouba amara,4429,train
325,Machaerium sp,3013,train
200,Machaerium paraguariense,2932,train
1470,Cordia goeldiana,1423,train
449,Nectandra megapotamica,3827,train
1891,Pinus sp,4209,train
711,Eugenia pyriformis,1921,train
121,Mezilaurus itauba,3366,train
111,Mezilaurus itauba,3381,train
1492,Ocotea indecora,3916,train
1737,Simarouba amara,4430,train
733,Micropholis venulosa,3407,train
893,Peltogyne sp,4134,train
1728,Bowdichia sp,836,train
1670,Bowdichia sp,846,train
1119,Araucaria angustifolia,215,train
1093,Pouteria pachycarpa,4308,train
610,Handroanthus sp,2305,train
246,Muellera campestris,3618,train
180,Machaerium paraguariense,2931,train
849,Aspidosperma polyneuron,318,train
1277,Swietenia macrophylla,4563,train
1858,Cedrelinga cateniformis,1329,train
70,Brosimum parinarioides,901,train
161,Mezilaurus itauba,3317,train
1261,Cedrela fissilis,1204,train
1110,Araucaria angustifolia,253,train
1314,Swietenia macrophylla,4530,train
329,Machaerium sp,3004,train
54,Euxylophora paraensis,2043,train
1059,Pouteria pachycarpa,4317,train
1186,Cariniana estrellensis,1118,train
1526,Vochysia sp,4629,train
979,Melia azedarach,3201,train
29,Euxylophora paraensis,2027,train
1727,Bowdichia sp,813,train
55,Euxylophora paraensis,2046,train
1588,Bagassa guianensis,530,train
465,Carapa guianensis,1015,train
282,Manilkara elata,3124,train
1536,Vochysia sp,4636,train
814,Inga vera,2728,train
379,Erisma uncinatum,1730,train
344,Erisma uncinatum,1754,train
1809,Cedrelinga cateniformis,1349,train
234,Dipteryx sp,1623,train
1297,Swietenia macrophylla,4548,train
1175,Cariniana estrellensis,1125,train
565,Ocotea porosa,4044,train
1694,Bowdichia sp,827,train
382,Erisma uncinatum,1756,train
125,Mezilaurus itauba,3340,train
1399,Bertholletia excelsa,719,train
1847,Cedrelinga cateniformis,1362,train
536,Ocotea porosa,4012,train
176,Machaerium paraguariense,2925,train
1593,Bagassa guianensis,519,train
1024,Goupia glabra,2129,train
268,Muellera campestris,3632,train
1447,Cordia goeldiana,1429,train
1293,Swietenia macrophylla,4540,train
1410,Mimosa scabrella,3528,train
350,Erisma uncinatum,1738,train
296,Manilkara elata,3109,train
132,Mezilaurus itauba,3371,train
69,Brosimum parinarioides,913,train
854,Hymenolobium sp,2626,train
258,Muellera campestris,3623,train
201,Machaerium paraguariense,2922,train
1500,Ocotea indecora,3927,train
1317,Swietenia macrophylla,4520,train
1043,Goupia glabra,2109,train
591,Handroanthus sp,2326,train
680,Grevillea robusta,2203,train
1877,Pinus sp,4216,train
1509,Vochysia sp,4611,train
492,Myroxylon balsamum,3701,train
1544,Vochysia sp,4606,train
683,Grevillea robusta,2212,train
1286,Swietenia macrophylla,4508,train
666,Grevillea robusta,2204,train
1816,Cedrelinga cateniformis,1304,train
46,Euxylophora paraensis,2052,train
782,Micropholis venulosa,3435,train
836,Aspidosperma polyneuron,309,train
11,Euxylophora paraensis,2017,train
1458,Cordia goeldiana,1416,train
819,Inga vera,2706,train
56,Euxylophora paraensis,2047,train
1761,Simarouba amara,4403,train
151,Mezilaurus itauba,3329,train
1633,Balfourodendron riedelianum,604,train
750,Micropholis venulosa,3427,train
1550,Vochysia sp,4632,train
1315,Swietenia macrophylla,4539,train
1238,Aspidosperma sp,418,train
311,Manilkara elata,3108,train
463,Carapa guianensis,1001,train
1083,Pouteria pachycarpa,4313,train
1515,Vochysia sp,4642,train
631,Eucalyptus sp,1823,train
1606,Balfourodendron riedelianum,628,train
248,Muellera campestris,3606,train
1361,Laurus nobilis,2822,train
613,Eucalyptus sp,1822,train
1732,Simarouba amara,4412,train
115,Mezilaurus itauba,3310,train
1064,Pouteria pachycarpa,4344,train
1105,Araucaria angustifolia,249,train
1522,Vochysia sp,4623,train
677,Grevillea robusta,2223,train
1598,Bagassa guianensis,543,train
1690,Bowdichia sp,843,train
574,Ocotea porosa,4014,train
890,Peltogyne sp,4150,train
958,Hymenolobium petraeum,2516,train
1189,Cariniana estrellensis,1117,train
408,Couratari sp,1522,train
263,Muellera campestris,3608,train
1102,Araucaria angustifolia,208,train
1498,Ocotea indecora,3919,train
474,Carapa guianensis,1018,train
1140,Araucaria angustifolia,228,train
735,Micropholis venulosa,3464,train
612,Eucalyptus sp,1824,train
1804,Cedrelinga cateniformis,1359,train
24,Euxylophora paraensis,2063,train
568,Ocotea porosa,4031,train
1132,Araucaria angustifolia,222,train
797,Inga vera,2712,train
545,Ocotea porosa,4025,train
1559,Bagassa guianensis,541,train
352,Erisma uncinatum,1742,train
1095,Araucaria angustifolia,201,train
656,Grevillea robusta,2238,train
738,Micropholis venulosa,3433,train
1704,Bowdichia sp,828,train
1776,Hymenaea sp,2408,train
908,Peltogyne sp,4149,train
554,Ocotea porosa,4003,train
1067,Pouteria pachycarpa,4316,train
879,Hymenolobium sp,2605,train
86,Brosimum parinarioides,906,train
745,Micropholis venulosa,3412,train
1530,Vochysia sp,4625,train
1003,Melia azedarach,3226,train
1505,Ocotea indecora,3914,train
918,Peltogyne sp,4104,train
25,Euxylophora paraensis,2015,train
960,Hymenolobium petraeum,2527,train
337,Erisma uncinatum,1708,train
1894,Pinus sp,4207,train
300,Manilkara elata,3121,train
335,Erisma uncinatum,1741,train
494,Myroxylon balsamum,3731,train
1096,Araucaria angustifolia,205,train
1735,Simarouba amara,4420,train
63,Euxylophora paraensis,2058,train
375,Erisma uncinatum,1702,train
1018,Goupia glabra,2111,train
654,Grevillea robusta,2218,train
751,Micropholis venulosa,3421,train
563,Ocotea porosa,4038,train
931,Peltogyne sp,4126,train
935,Peltogyne sp,4129,train
369,Erisma uncinatum,1734,train
881,Peltogyne sp,4106,train
52,Euxylophora paraensis,2019,train
1274,Swietenia macrophylla,4537,train
723,Micropholis venulosa,3470,train
549,Ocotea porosa,4018,train
1895,Pinus sp,4227,train
1217,Aspidosperma sp,420,train
1368,Laurus nobilis,2833,train
713,Eugenia pyriformis,1931,train
614,Eucalyptus sp,1807,train
1208,Aspidosperma sp,432,train
1202,Aspidosperma sp,411,train
1772,Hymenaea sp,2415,train
1547,Vochysia sp,4627,train
1061,Pouteria pachycarpa,4328,train
753,Micropholis venulosa,3468,train
1771,Hymenaea sp,2406,train
1885,Pinus sp,4232,train
1630,Balfourodendron riedelianum,645,train
1276,Swietenia macrophylla,4513,train
1174,Cariniana estrellensis,1120,train
1802,Cedrelinga cateniformis,1312,train
1306,Swietenia macrophylla,4569,train
1332,Swietenia macrophylla,4519,train
1073,Pouteria pachycarpa,4307,train
1345,Laurus nobilis,2828,train
434,Nectandra megapotamica,3802,train
916,Peltogyne sp,4156,train
193,Machaerium paraguariense,2924,train
664,Grevillea robusta,2246,train
583,Handroanthus sp,2310,train
377,Erisma uncinatum,1749,train
269,Muellera campestris,3625,train
875,Hymenolobium sp,2606,train
1085,Pouteria pachycarpa,4329,train
1431,Mimosa scabrella,3525,train
274,Muellera campestris,3635,train
1346,Laurus nobilis,2834,train
619,Eucalyptus sp,1827,train
1101,Araucaria angustifolia,216,train
363,Erisma uncinatum,1748,train
1047,Pouteria pachycarpa,4323,train
71,Brosimum parinarioides,918,train
865,Hymenolobium sp,2628,train
158,Mezilaurus itauba,3302,train
618,Eucalyptus sp,1804,train
51,Euxylophora paraensis,2003,train
1730,Bowdichia sp,864,train
855,Hymenolobium sp,2601,train
451,Nectandra megapotamica,3824,train
1256,Cedrela fissilis,1221,train
361,Erisma uncinatum,1736,train
1164,Acrocarpus fraxinifolius,116,train
1227,Aspidosperma sp,406,train
1452,Cordia goeldiana,1420,train
1250,Cedrela fissilis,1210,train
1486,Ocotea indecora,3907,train
1759,Simarouba amara,4408,train
1717,Bowdichia sp,850,train
1819,Cedrelinga cateniformis,1358,train
548,Ocotea porosa,4040,train
1552,Bagassa guianensis,552,train
1688,Bowdichia sp,803,train
1288,Swietenia macrophylla,4515,train
1468,Cordia goeldiana,1424,train
1044,Goupia glabra,2126,train
128,Mezilaurus itauba,3315,train
1655,Balfourodendron riedelianum,616,train
98,Mezilaurus itauba,3324,train
715,Eugenia pyriformis,1934,train
717,Eugenia pyriformis,1906,train
1029,Goupia glabra,2131,train
636,Eucalyptus sp,1809,train
1212,Aspidosperma sp,412,train
242,Muellera campestris,3638,train
251,Muellera campestris,3621,train
59,Euxylophora paraensis,2005,train
1185,Cariniana estrellensis,1104,train
1310,Swietenia macrophylla,4556,train
1834,Cedrelinga cateniformis,1354,train
1375,Bertholletia excelsa,701,train
427,Couratari sp,1538,train
186,Machaerium paraguariense,2929,train
1840,Cedrelinga cateniformis,1311,train
1695,Bowdichia sp,858,train
1165,Acrocarpus fraxinifolius,115,train
436,Nectandra megapotamica,3819,train
933,Peltogyne sp,4136,train
1590,Bagassa guianensis,508,train
480,Myroxylon balsamum,3716,train
682,Grevillea robusta,2231,train
1813,Cedrelinga cateniformis,1330,train
1402,Bertholletia excelsa,718,train
396,Couratari sp,1520,train
1422,Mimosa scabrella,3519,train
1163,Acrocarpus fraxinifolius,112,train
459,Carapa guianensis,1002,train
709,Eugenia pyriformis,1916,train
1710,Bowdichia sp,854,train
1316,Swietenia macrophylla,4557,train
1143,Araucaria angustifolia,219,train
1404,Bertholletia excelsa,706,train
1343,Laurus nobilis,2813,train
1750,Simarouba amara,4409,train
1720,Bowdichia sp,809,train
508,Myroxylon balsamum,3714,train
774,Micropholis venulosa,3431,train
679,Grevillea robusta,2242,train
886,Peltogyne sp,4107,train
491,Myroxylon balsamum,3735,train
1087,Pouteria pachycarpa,4303,train
1744,Simarouba amara,4416,train
1495,Ocotea indecora,3918,train
794,Inga vera,2709,train
119,Mezilaurus itauba,3332,train
113,Mezilaurus itauba,3374,train
1017,Goupia glabra,2125,train
702,Eugenia pyriformis,1905,train
155,Mezilaurus itauba,3352,train
1748,Simarouba amara,4407,train
1010,Melia azedarach,3217,train
40,Euxylophora paraensis,2008,train
317,Machaerium sp,3001,train
1309,Swietenia macrophylla,4522,train
1663,Balfourodendron riedelianum,646,train
1506,Ocotea indecora,3902,train
58,Euxylophora paraensis,2028,train
1723,Bowdichia sp,833,train
1344,Laurus nobilis,2820,train
1777,Hymenaea sp,2429,train
1107,Araucaria angustifolia,252,train
1036,Goupia glabra,2102,train
233,Dipteryx sp,1618,train
1284,Swietenia macrophylla,4502,train
211,Dipteryx sp,1603,train
837,Aspidosperma polyneuron,302,train
482,Myroxylon balsamum,3721,train
1298,Swietenia macrophylla,4553,train
164,Mezilaurus itauba,3363,train
1209,Aspidosperma sp,439,train
1529,Vochysia sp,4601,train
1012,Melia azedarach,3242,train
765,Micropholis venulosa,3401,train
1190,Cariniana estrellensis,1134,train
212,Dipteryx sp,1604,train
1253,Cedrela fissilis,1202,train
149,Mezilaurus itauba,3360,train
147,Mezilaurus itauba,3339,train
236,Dipteryx sp,1621,train
1445,Cordia goeldiana,1405,train
1573,Bagassa guianensis,538,train
1640,Balfourodendron riedelianum,634,train
1545,Vochysia sp,4605,train
1057,Pouteria pachycarpa,4340,train
1861,Pinus sp,4237,train
1296,Swietenia macrophylla,4501,train
507,Myroxylon balsamum,3753,train
131,Mezilaurus itauba,3353,train
517,Myroxylon balsamum,3722,train
1786,Hymenaea sp,2426,train
1026,Goupia glabra,2101,train
799,Inga vera,2723,train
999,Melia azedarach,3214,train
644,Grevillea robusta,2237,train
1416,Mimosa scabrella,3505,train
1613,Balfourodendron riedelianum,639,train
835,Aspidosperma polyneuron,301,train
446,Nectandra megapotamica,3822,train
761,Micropholis venulosa,3444,train
1626,Balfourodendron riedelianum,642,train
529,Myroxylon balsamum,3705,train
573,Ocotea porosa,4023,train
87,Brosimum parinarioides,910,train
1654,Balfourodendron riedelianum,655,train
1724,Bowdichia sp,861,train
240,Muellera campestris,3607,train
1216,Aspidosperma sp,428,train
330,Machaerium sp,3006,train
1080,Pouteria pachycarpa,4306,train
1020,Goupia glabra,2132,train
708,Eugenia pyriformis,1907,train
839,Aspidosperma polyneuron,307,train
688,Eugenia pyriformis,1920,train
378,Erisma uncinatum,1706,train
171,Mezilaurus itauba,3318,train
550,Ocotea porosa,4037,train
406,Couratari sp,1541,train
595,Handroanthus sp,2311,train
437,Nectandra megapotamica,3812,train
946,Hymenolobium petraeum,2508,train
62,Euxylophora paraensis,2020,train
1873,Pinus sp,4208,train
989,Melia azedarach,3232,train
1049,Pouteria pachycarpa,4335,train
153,Mezilaurus itauba,3365,train
1601,Bagassa guianensis,545,train
1565,Bagassa guianensis,549,train
1196,Cariniana estrellensis,1124,train
94,Mezilaurus itauba,3346,train
479,Myroxylon balsamum,3725,train
1627,Balfourodendron riedelianum,632,train
541,Ocotea porosa,4004,train
1347,Laurus nobilis,2812,train
1594,Bagassa guianensis,527,train
83,Brosimum parinarioides,903,train
1756,Simarouba amara,4424,train
1125,Araucaria angustifolia,247,train
1629,Balfourodendron riedelianum,631,train
1622,Balfourodendron riedelianum,611,train
386,Erisma uncinatum,1717,train
1523,Vochysia sp,4602,train
310,Manilkara elata,3112,train
813,Inga vera,2736,train
1546,Vochysia sp,4637,train
1707,Bowdichia sp,806,train
429,Couratari sp,1524,train
1152,Acrocarpus fraxinifolius,103,train
308,Manilkara elata,3104,train
576,Ocotea porosa,4036,train
1279,Swietenia macrophylla,4521,train
1271,Swietenia macrophylla,4541,train
1793,Hymenaea sp,2412,train
1089,Pouteria pachycarpa,4322,train
38,Euxylophora paraensis,2037,train
1789,Hymenaea sp,2424,train
1405,Bertholletia excelsa,703,train
662,Grevillea robusta,2243,train
1575,Bagassa guianensis,547,train
786,Micropholis venulosa,3458,train
844,Aspidosperma polyneuron,306,train
1188,Cariniana estrellensis,1112,train
716,Eugenia pyriformis,1917,train
772,Micropholis venulosa,3440,train
206,Machaerium paraguariense,2913,train
1875,Pinus sp,4240,train
1896,Pinus sp,4210,train
924,Peltogyne sp,4125,train
1113,Araucaria angustifolia,241,train
228,Dipteryx sp,1617,train
126,Mezilaurus itauba,3311,train
213,Dipteryx sp,1625,train
1280,Swietenia macrophylla,4564,train
1097,Araucaria angustifolia,235,train
486,Myroxylon balsamum,3745,train
771,Micropholis venulosa,3466,train
1438,Cordia goeldiana,1401,train
358,Erisma uncinatum,1712,train
1222,Aspidosperma sp,441,train
937,Peltogyne sp,4158,train
285,Manilkara elata,3119,train
1551,Bagassa guianensis,528,train
370,Erisma uncinatum,1745,train
1032,Goupia glabra,2123,train
225,Dipteryx sp,1626,train
649,Grevillea robusta,2210,train
1651,Balfourodendron riedelianum,618,train
1444,Cordia goeldiana,1419,train
1548,Vochysia sp,4608,train
592,Handroanthus sp,2314,train
189,Machaerium paraguariense,2930,train
531,Myroxylon balsamum,3709,train
1379,Bertholletia excelsa,734,train
481,Myroxylon balsamum,3726,train
79,Brosimum parinarioides,911,train
910,Peltogyne sp,4146,train
1413,Mimosa scabrella,3507,train
314,Manilkara elata,3132,train
1581,Bagassa guianensis,525,train
424,Couratari sp,1519,train
1531,Vochysia sp,4634,train
858,Hymenolobium sp,2608,train
1341,Laurus nobilis,2817,train
653,Grevillea robusta,2219,train
1525,Vochysia sp,4619,train
816,Inga vera,2705,train
1173,Cariniana estrellensis,1136,train
256,Muellera campestris,3626,train
343,Erisma uncinatum,1753,train
1660,Balfourodendron riedelianum,637,train
1455,Cordia goeldiana,1425,train
174,Machaerium paraguariense,2921,train
1240,Aspidosperma sp,440,train
124,Mezilaurus itauba,3341,train
1244,Cedrela fissilis,1205,train
841,Aspidosperma polyneuron,320,train
134,Mezilaurus itauba,3314,train
775,Micropholis venulosa,3460,train
1062,Pouteria pachycarpa,4324,train
676,Grevillea robusta,2248,train
298,Manilkara elata,3113,train
404,Couratari sp,1502,train
1338,Laurus nobilis,2816,train
1237,Aspidosperma sp,405,train
697,Eugenia pyriformis,1911,train
1838,Cedrelinga cateniformis,1314,train
725,Micropholis venulosa,3469,train
559,Ocotea porosa,4046,train
605,Handroanthus sp,2317,train
332,Erisma uncinatum,1743,train
1267,Swietenia macrophylla,4552,train
609,Handroanthus sp,2312,train
1254,Cedrela fissilis,1219,train
961,Hymenolobium petraeum,2512,train
815,Inga vera,2702,train
804,Inga vera,2719,train
689,Eugenia pyriformis,1915,train
1319,Swietenia macrophylla,4518,train
1876,Pinus sp,4217,train
572,Ocotea porosa,4045,train
975,Melia azedarach,3204,train
622,Eucalyptus sp,1803,train
57,Euxylophora paraensis,2023,train
286,Manilkara elata,3130,train
1837,Cedrelinga cateniformis,1340,train
552,Ocotea porosa,4029,train
728,Micropholis venulosa,3420,train
853,Hymenolobium sp,2617,train
1484,Ocotea indecora,3930,train
1527,Vochysia sp,4638,train
493,Myroxylon balsamum,3710,train
80,Brosimum parinarioides,920,train
1426,Mimosa scabrella,3530,train
413,Couratari sp,1507,train
547,Ocotea porosa,4026,train
742,Micropholis venulosa,3425,train
1692,Bowdichia sp,851,train
615,Eucalyptus sp,1808,train
362,Erisma uncinatum,1755,train
195,Machaerium paraguariense,2908,train
32,Euxylophora paraensis,2040,train
1639,Balfourodendron riedelianum,657,train
374,Erisma uncinatum,1701,train
1621,Balfourodendron riedelianum,625,train
1564,Bagassa guianensis,513,train
789,Micropholis venulosa,3405,train
587,Handroanthus sp,2316,train
871,Hymenolobium sp,2611,train
956,Hymenolobium petraeum,2504,train
661,Grevillea robusta,2217,train
1307,Swietenia macrophylla,4547,train
1563,Bagassa guianensis,535,train
1821,Cedrelinga cateniformis,1325,train
389,Couratari sp,1509,train
994,Melia azedarach,3229,train
92,Mezilaurus itauba,3361,train
1088,Pouteria pachycarpa,4321,train
1535,Vochysia sp,4603,train
1247,Cedrela fissilis,1211,train
1215,Aspidosperma sp,410,train
289,Manilkara elata,3122,train
604,Handroanthus sp,2324,train
1580,Bagassa guianensis,501,train
1592,Bagassa guianensis,516,train
123,Mezilaurus itauba,3367,train
974,Melia azedarach,3241,train
820,Inga vera,2718,train
684,Grevillea robusta,2221,train
160,Mezilaurus itauba,3350,train
1542,Vochysia sp,4616,train
1568,Bagassa guianensis,515,train
319,Machaerium sp,3005,train
33,Euxylophora paraensis,2051,train
1507,Ocotea indecora,3908,train
940,Hymenolobium petraeum,2520,train
1493,Ocotea indecora,3917,train
129,Mezilaurus itauba,3372,train
1021,Goupia glabra,2113,train
49,Euxylophora paraensis,2018,train
1701,Bowdichia sp,855,train
320,Machaerium sp,3002,train
167,Mezilaurus itauba,3336,train
1689,Bowdichia sp,857,train
1799,Cedrelinga cateniformis,1352,train
1825,Cedrelinga cateniformis,1320,train
497,Myroxylon balsamum,3730,train
392,Couratari sp,1536,train
1454,Cordia goeldiana,1404,train
732,Micropholis venulosa,3439,train
76,Brosimum parinarioides,905,train
489,Myroxylon balsamum,3712,train
1572,Bagassa guianensis,505,train
762,Micropholis venulosa,3449,train
1358,Laurus nobilis,2811,train
1090,Pouteria pachycarpa,4311,train
1462,Cordia goeldiana,1428,train
1814,Cedrelinga cateniformis,1342,train
348,Erisma uncinatum,1744,train
272,Muellera campestris,3612,train
1472,Ocotea indecora,3922,train
1679,Bowdichia sp,853,train
1236,Aspidosperma sp,402,train
577,Ocotea porosa,4034,train
1676,Bowdichia sp,807,train
758,Micropholis venulosa,3428,train
1471,Cordia goeldiana,1427,train
1075,Pouteria pachycarpa,4318,train
7,Euxylophora paraensis,2012,train
1055,Pouteria pachycarpa,4341,train
1086,Pouteria pachycarpa,4327,train
1571,Bagassa guianensis,526,train
1328,Swietenia macrophylla,4532,train
204,Machaerium paraguariense,2919,train
777,Micropholis venulosa,3446,train
947,Hymenolobium petraeum,2519,train
986,Melia azedarach,3223,train
103,Mezilaurus itauba,3313,train
191,Machaerium paraguariense,2906,train
1205,Aspidosperma sp,404,train
581,Handroanthus sp,2327,train
1030,Goupia glabra,2117,train
1534,Vochysia sp,4631,train
475,Carapa guianensis,1016,train
1006,Melia azedarach,3233,train
635,Eucalyptus sp,1814,train
760,Micropholis venulosa,3423,train
1155,Acrocarpus fraxinifolius,101,train
1722,Bowdichia sp,805,train
1282,Swietenia macrophylla,4549,train
1199,Cariniana estrellensis,1111,train
1700,Bowdichia sp,802,train
1324,Swietenia macrophylla,4507,train
668,Grevillea robusta,2227,train
1844,Cedrelinga cateniformis,1322,train
1628,Balfourodendron riedelianum,658,train
939,Peltogyne sp,4151,train
941,Hymenolobium petraeum,2518,train
1434,Mimosa scabrella,3504,train
1066,Pouteria pachycarpa,4312,train
1311,Swietenia macrophylla,4529,train
140,Mezilaurus itauba,3331,train
47,Euxylophora paraensis,2053,train
1304,Swietenia macrophylla,4526,train
1134,Araucaria angustifolia,210,train
265,Muellera campestris,3609,train
1780,Hymenaea sp,2411,train
1596,Bagassa guianensis,514,train
1423,Mimosa scabrella,3501,train
159,Mezilaurus itauba,3337,train
590,Handroanthus sp,2330,train
1867,Pinus sp,4215,train
515,Myroxylon balsamum,3733,train
1504,Ocotea indecora,3915,train
1647,Balfourodendron riedelianum,606,train
1520,Vochysia sp,4620,train
498,Myroxylon balsamum,3704,train
48,Euxylophora paraensis,2009,train
1846,Cedrelinga cateniformis,1308,train
1491,Ocotea indecora,3931,train
648,Grevillea robusta,2226,train
93,Mezilaurus itauba,3304,train
957,Hymenolobium petraeum,2514,train
1231,Aspidosperma sp,413,train
1857,Cedrelinga cateniformis,1328,train
467,Carapa guianensis,1004,train
932,Peltogyne sp,4154,train
252,Muellera campestris,3615,train
705,Eugenia pyriformis,1930,train
1326,Swietenia macrophylla,4534,train
901,Peltogyne sp,4152,train
1377,Bertholletia excelsa,726,train
326,Machaerium sp,3010,train
808,Inga vera,2726,train
538,Ocotea porosa,4027,train
85,Brosimum parinarioides,925,train
1440,Cordia goeldiana,1410,train
357,Erisma uncinatum,1719,train
1502,Ocotea indecora,3906,train
1374,Bertholletia excelsa,729,train
938,Peltogyne sp,4132,train
1146,Araucaria angustifolia,244,train
1291,Swietenia macrophylla,4511,train
752,Micropholis venulosa,3403,train
402,Couratari sp,1515,train
1060,Pouteria pachycarpa,4325,train
142,Mezilaurus itauba,3344,train
229,Dipteryx sp,1616,train
535,Ocotea porosa,4032,train
466,Carapa guianensis,1013,train
150,Mezilaurus itauba,3308,train
1698,Bowdichia sp,848,train
21,Euxylophora paraensis,2022,train
383,Erisma uncinatum,1705,train
1763,Hymenaea sp,2431,train
1634,Balfourodendron riedelianum,612,train
1104,Araucaria angustifolia,233,train
1845,Cedrelinga cateniformis,1357,train
1577,Bagassa guianensis,529,train
172,Mezilaurus itauba,3358,train
501,Myroxylon balsamum,3740,train
1118,Araucaria angustifolia,211,train
690,Eugenia pyriformis,1922,train
1451,Cordia goeldiana,1403,train
1281,Swietenia macrophylla,4543,train
75,Brosimum parinarioides,908,train
1149,Acrocarpus fraxinifolius,114,train
367,Erisma uncinatum,1733,train
1517,Vochysia sp,4626,train
1623,Balfourodendron riedelianum,640,train
675,Grevillea robusta,2225,train
1223,Aspidosperma sp,438,train
241,Muellera campestris,3610,train
766,Micropholis venulosa,3429,train
889,Peltogyne sp,4112,train
857,Hymenolobium sp,2612,train
1015,Goupia glabra,2104,train
1193,Cariniana estrellensis,1132,train
525,Myroxylon balsamum,3708,train
1035,Goupia glabra,2112,train
628,Eucalyptus sp,1818,train
589,Handroanthus sp,2301,train
1001,Melia azedarach,3239,train
1753,Simarouba amara,4414,train
798,Inga vera,2701,train
471,Carapa guianensis,1017,train
1415,Mimosa scabrella,3517,train
954,Hymenolobium petraeum,2528,train
1787,Hymenaea sp,2419,train
803,Inga vera,2703,train
1839,Cedrelinga cateniformis,1324,train
1392,Bertholletia excelsa,722,train
91,Mezilaurus itauba,3373,train
1098,Araucaria angustifolia,203,train
1252,Cedrela fissilis,1212,train
1249,Cedrela fissilis,1203,train
1360,Laurus nobilis,2829,train
1232,Aspidosperma sp,408,train
444,Nectandra megapotamica,3805,train
781,Micropholis venulosa,3402,train
505,Myroxylon balsamum,3707,train
301,Manilkara elata,3137,train
1224,Aspidosperma sp,417,train
1278,Swietenia macrophylla,4516,train
1583,Bagassa guianensis,520,train
783,Micropholis venulosa,3422,train
1469,Cordia goeldiana,1433,train
1081,Pouteria pachycarpa,4333,train
1854,Cedrelinga cateniformis,1318,train
273,Muellera campestris,3604,train
143,Mezilaurus itauba,3343,train
597,Handroanthus sp,2333,train
1719,Bowdichia sp,825,train
1106,Araucaria angustifolia,207,train
1255,Cedrela fissilis,1217,train
516,Myroxylon balsamum,3702,train
10,Euxylophora paraensis,2065,train
1295,Swietenia macrophylla,4568,train
1042,Goupia glabra,2114,train
231,Dipteryx sp,1612,train
1430,Mimosa scabrella,3522,train
923,Peltogyne sp,4141,train
1657,Balfourodendron riedelianum,609,train
1389,Bertholletia excelsa,721,train
970,Melia azedarach,3221,train
1862,Pinus sp,4225,train
1850,Cedrelinga cateniformis,1315,train
796,Inga vera,2740,train
756,Micropholis venulosa,3411,train
1828,Cedrelinga cateniformis,1338,train
198,Machaerium paraguariense,2937,train
1853,Cedrelinga cateniformis,1309,train
1221,Aspidosperma sp,433,train
1636,Balfourodendron riedelianum,615,train
707,Eugenia pyriformis,1901,train
1034,Goupia glabra,2115,train
1369,Laurus nobilis,2804,train
1721,Bowdichia sp,826,train
1643,Balfourodendron riedelianum,621,train
356,Erisma uncinatum,1732,train
1448,Cordia goeldiana,1407,train
1666,Bowdichia sp,818,train
566,Ocotea porosa,4028,train
1376,Bertholletia excelsa,707,train
1680,Bowdichia sp,808,train
962,Hymenolobium petraeum,2505,train
441,Nectandra megapotamica,3817,train
903,Peltogyne sp,4159,train
399,Couratari sp,1530,train
1817,Cedrelinga cateniformis,1333,train
137,Mezilaurus itauba,3307,train
257,Muellera campestris,3634,train
1242,Aspidosperma sp,409,train
23,Euxylophora paraensis,2029,train
1424,Mimosa scabrella,3511,train
1579,Bagassa guianensis,548,train
884,Peltogyne sp,4109,train
1350,Laurus nobilis,2831,train
1305,Swietenia macrophylla,4523,train
567,Ocotea porosa,4030,train
1303,Swietenia macrophylla,4558,train
514,Myroxylon balsamum,3715,train
1713,Bowdichia sp,845,train
785,Micropholis venulosa,3453,train
1023,Goupia glabra,2107,train
202,Machaerium paraguariense,2911,train
1056,Pouteria pachycarpa,4305,train
1398,Bertholletia excelsa,709,train
88,Brosimum parinarioides,904,train
267,Muellera campestris,3628,train
528,Myroxylon balsamum,3748,train
39,Euxylophora paraensis,2049,train
585,Handroanthus sp,2323,train
811,Inga vera,2738,train
1788,Hymenaea sp,2416,train
468,Carapa guianensis,1009,train
182,Machaerium paraguariense,2903,train
1129,Araucaria angustifolia,236,train
861,Hymenolobium sp,2604,train
570,Ocotea porosa,4043,train
1162,Acrocarpus fraxinifolius,106,train
1141,Araucaria angustifolia,238,train
1257,Cedrela fissilis,1216,train
294,Manilkara elata,3103,train
646,Grevillea robusta,2216,train
621,Eucalyptus sp,1820,train
232,Dipteryx sp,1615,train
897,Peltogyne sp,4157,train
564,Ocotea porosa,4022,train
1322,Swietenia macrophylla,4566,train
1864,Pinus sp,4224,train
624,Eucalyptus sp,1805,train
1620,Balfourodendron riedelianum,624,train
627,Eucalyptus sp,1802,train
1849,Cedrelinga cateniformis,1360,train
852,Hymenolobium sp,2618,train
996,Melia azedarach,3207,train
821,Inga vera,2717,train
1425,Mimosa scabrella,3503,train
1116,Araucaria angustifolia,246,train
1191,Cariniana estrellensis,1127,train
1156,Acrocarpus fraxinifolius,110,train
1028,Goupia glabra,2103,train
983,Melia azedarach,3238,train
1103,Araucaria angustifolia,202,train
1823,Cedrelinga cateniformis,1339,train
660,Grevillea robusta,2245,train
746,Micropholis venulosa,3447,train
209,Machaerium paraguariense,2915,train
1603,Balfourodendron riedelianum,630,train
1266,Swietenia macrophylla,4570,train
681,Grevillea robusta,2205,train
882,Peltogyne sp,4120,train
426,Couratari sp,1539,train
1745,Simarouba amara,4428,train
1473,Ocotea indecora,3933,train
1439,Cordia goeldiana,1431,train
1457,Cordia goeldiana,1411,train
1241,Aspidosperma sp,437,train
990,Melia azedarach,3209,train
177,Machaerium paraguariense,2901,train
1130,Araucaria angustifolia,232,train
1597,Bagassa guianensis,550,train
1558,Bagassa guianensis,503,train
1521,Vochysia sp,4621,train
687,Eugenia pyriformis,1909,train
912,Peltogyne sp,4144,train
659,Grevillea robusta,2213,train
930,Peltogyne sp,4118,train
307,Manilkara elata,3127,train
270,Muellera campestris,3622,train
562,Ocotea porosa,4005,train
116,Mezilaurus itauba,3301,train
1859,Pinus sp,4241,train
1600,Bagassa guianensis,531,train
1289,Swietenia macrophylla,4527,train
223,Dipteryx sp,1624,train
1578,Bagassa guianensis,521,train
1675,Bowdichia sp,832,train
1665,Bowdichia sp,844,train
224,Dipteryx sp,1614,train
1153,Acrocarpus fraxinifolius,105,train
1159,Acrocarpus fraxinifolius,113,train
1160,Acrocarpus fraxinifolius,104,train
1667,Bowdichia sp,837,train
1499,Ocotea indecora,3909,train
911,Peltogyne sp,4101,train
647,Grevillea robusta,2230,train
934,Peltogyne sp,4137,train
464,Carapa guianensis,1005,train
1541,Vochysia sp,4630,train
1479,Ocotea indecora,3911,train
788,Micropholis venulosa,3406,train
336,Erisma uncinatum,1707,train
1290,Swietenia macrophylla,4546,train
767,Micropholis venulosa,3445,train
338,Erisma uncinatum,1709,train
818,Inga vera,2704,train
420,Couratari sp,1508,train
477,Carapa guianensis,1012,train
18,Euxylophora paraensis,2042,train
469,Carapa guianensis,1007,train
1137,Araucaria angustifolia,237,train
117,Mezilaurus itauba,3303,train
1019,Goupia glabra,2128,train
883,Peltogyne sp,4139,train
1076,Pouteria pachycarpa,4310,train
1381,Bertholletia excelsa,704,train
1783,Hymenaea sp,2422,train
373,Erisma uncinatum,1740,train
623,Eucalyptus sp,1821,train
1318,Swietenia macrophylla,4528,train
207,Machaerium paraguariense,2909,train
1797,Cedrelinga cateniformis,1346,train
964,Hymenolobium petraeum,2526,train
490,Myroxylon balsamum,3719,train
205,Machaerium paraguariense,2902,train
355,Erisma uncinatum,1752,train
1830,Cedrelinga cateniformis,1302,train
1519,Vochysia sp,4640,train
877,Hymenolobium sp,2610,train
347,Erisma uncinatum,1758,train
1483,Ocotea indecora,3913,train
1827,Cedrelinga cateniformis,1345,train
845,Aspidosperma polyneuron,305,train
831,Inga vera,2739,train
136,Mezilaurus itauba,3342,train
1397,Bertholletia excelsa,723,train
1747,Simarouba amara,4405,train
109,Mezilaurus itauba,3380,train
187,Machaerium paraguariense,2914,train
1268,Swietenia macrophylla,4559,train
928,Peltogyne sp,4121,train
1421,Mimosa scabrella,3508,train
60,Euxylophora paraensis,2039,train
741,Micropholis venulosa,3413,train
1685,Bowdichia sp,824,train
1880,Pinus sp,4220,train
1139,Araucaria angustifolia,255,train
1488,Ocotea indecora,3912,train
571,Ocotea porosa,4008,train
133,Mezilaurus itauba,3349,train
1682,Bowdichia sp,841,train
302,Manilkara elata,3139,train
1201,Cariniana estrellensis,1109,train
629,Eucalyptus sp,1801,train
35,Euxylophora paraensis,2054,train
1743,Simarouba amara,4426,train
1147,Araucaria angustifolia,221,train
1691,Bowdichia sp,842,train
440,Nectandra megapotamica,3809,train
1897,Pinus sp,4202,train
1417,Mimosa scabrella,3520,train
20,Euxylophora paraensis,2036,train
546,Ocotea porosa,4035,train
998,Melia azedarach,3231,train
828,Inga vera,2731,train
747,Micropholis venulosa,3437,train
1760,Simarouba amara,4427,train
560,Ocotea porosa,4011,train
867,Hymenolobium sp,2622,train
14,Euxylophora paraensis,2048,train
1009,Melia azedarach,3216,train
763,Micropholis venulosa,3463,train
503,Myroxylon balsamum,3752,train
221,Dipteryx sp,1610,train
1203,Aspidosperma sp,414,train
693,Eugenia pyriformis,1919,train
1200,Cariniana estrellensis,1113,train
1554,Bagassa guianensis,544,train
0,Euxylophora paraensis,2004,train
154,Mezilaurus itauba,3357,train
31,Euxylophora paraensis,2062,train
260,Muellera campestris,3637,train
1114,Araucaria angustifolia,251,train
1497,Ocotea indecora,3928,train
1177,Cariniana estrellensis,1121,train
114,Mezilaurus itauba,3333,train
203,Machaerium paraguariense,2936,train
67,Brosimum parinarioides,922,train
1442,Cordia goeldiana,1409,train
108,Mezilaurus itauba,3322,train
306,Manilkara elata,3118,train
1718,Bowdichia sp,856,train
651,Grevillea robusta,2235,train
1245,Cedrela fissilis,1201,train
1051,Pouteria pachycarpa,4319,train
1684,Bowdichia sp,814,train
146,Mezilaurus itauba,3354,train
1211,Aspidosperma sp,422,train
1287,Swietenia macrophylla,4562,train
1364,Laurus nobilis,2810,train
457,Nectandra megapotamica,3801,train
1648,Balfourodendron riedelianum,626,train
354,Erisma uncinatum,1722,train
634,Eucalyptus sp,1811,train
892,Peltogyne sp,4114,train
773,Micropholis venulosa,3471,train
556,Ocotea porosa,4009,train
520,Myroxylon balsamum,3743,train
518,Myroxylon balsamum,3738,train
1225,Aspidosperma sp,407,train
1074,Pouteria pachycarpa,4326,train
222,Dipteryx sp,1627,train
1749,Simarouba amara,4402,train
602,Handroanthus sp,2303,train
1513,Vochysia sp,4628,train
1638,Balfourodendron riedelianum,614,train
1900,Pinus sp,4235,train
706,Eugenia pyriformis,1903,train
22,Euxylophora paraensis,2056,train
1661,Balfourodendron riedelianum,617,train
476,Carapa guianensis,1014,train
1604,Balfourodendron riedelianum,653,train
1826,Cedrelinga cateniformis,1365,train
1757,Simarouba amara,4415,train
304,Manilkara elata,3125,train
405,Couratari sp,1518,train
1456,Cordia goeldiana,1426,train
1635,Balfourodendron riedelianum,656,train
1649,Balfourodendron riedelianum,610,train
1069,Pouteria pachycarpa,4320,train
197,Machaerium paraguariense,2904,train
740,Micropholis venulosa,3461,train
418,Couratari sp,1517,train
586,Handroanthus sp,2302,train
1829,Cedrelinga cateniformis,1326,train
1587,Bagassa guianensis,539,train
980,Melia azedarach,3246,train
1353,Laurus nobilis,2802,train
360,Erisma uncinatum,1726,train
790,Micropholis venulosa,3459,train
1677,Bowdichia sp,867,train
1714,Bowdichia sp,831,train
1768,Hymenaea sp,2404,train
144,Mezilaurus itauba,3316,train
972,Melia azedarach,3203,train
672,Grevillea robusta,2233,train
104,Mezilaurus itauba,3347,train
805,Inga vera,2734,train
734,Micropholis venulosa,3456,train
81,Brosimum parinarioides,923,train
843,Aspidosperma polyneuron,311,train
1511,Vochysia sp,4633,train
1342,Laurus nobilis,2821,train
1869,Pinus sp,4230,train
859,Hymenolobium sp,2602,train
1078,Pouteria pachycarpa,4302,train
42,Euxylophora paraensis,2030,train
1712,Bowdichia sp,868,train
731,Micropholis venulosa,3408,train
1168,Cariniana estrellensis,1102,train
1656,Balfourodendron riedelianum,608,train
1427,Mimosa scabrella,3523,train
316,Machaerium sp,3007,train
863,Hymenolobium sp,2619,train
1820,Cedrelinga cateniformis,1332,train
99,Mezilaurus itauba,3377,train
1109,Araucaria angustifolia,245,train
1632,Balfourodendron riedelianum,643,train
215,Dipteryx sp,1620,train
432,Nectandra megapotamica,3820,train
722,Micropholis venulosa,3451,train
925,Peltogyne sp,4113,train
401,Couratari sp,1533,train
1754,Simarouba amara,4419,train
1243,Cedrela fissilis,1222,train
196,Machaerium paraguariense,2933,train
663,Grevillea robusta,2228,train
1183,Cariniana estrellensis,1103,train
669,Grevillea robusta,2239,train
247,Muellera campestris,3601,train
791,Micropholis venulosa,3462,train
170,Mezilaurus itauba,3306,train
1408,Mimosa scabrella,3529,train
542,Ocotea porosa,4007,train
1071,Pouteria pachycarpa,4315,train
1540,Vochysia sp,4622,train
1437,Cordia goeldiana,1415,train
169,Mezilaurus itauba,3383,train
28,Euxylophora paraensis,2002,train
1595,Bagassa guianensis,518,train
1726,Bowdichia sp,863,train
768,Micropholis venulosa,3410,train
1503,Ocotea indecora,3935,train
526,Myroxylon balsamum,3729,train
1292,Swietenia macrophylla,4525,train
428,Couratari sp,1540,train
862,Hymenolobium sp,2627,train
1464,Cordia goeldiana,1434,train
770,Micropholis venulosa,3414,train
255,Muellera campestris,3605,train
26,Euxylophora paraensis,2013,train
1077,Pouteria pachycarpa,4345,train
1136,Araucaria angustifolia,217,train
658,Grevillea robusta,2224,train
1401,Bertholletia excelsa,711,train
594,Handroanthus sp,2331,train
313,Manilkara elata,3128,train
641,Grevillea robusta,2214,train
1092,Pouteria pachycarpa,4332,train
1533,Vochysia sp,4607,train
995,Melia azedarach,3213,train
433,Nectandra megapotamica,3818,train
473,Carapa guianensis,1006,train
1354,Laurus nobilis,2814,train
120,Mezilaurus itauba,3309,train
1428,Mimosa scabrella,3514,train
1570,Bagassa guianensis,507,train
870,Hymenolobium sp,2620,train
1393,Bertholletia excelsa,717,train
926,Peltogyne sp,4135,train
1050,Pouteria pachycarpa,4314,train
291,Manilkara elata,3107,train
1441,Cordia goeldiana,1402,train
1465,Cordia goeldiana,1430,train
1678,Bowdichia sp,839,train
1005,Melia azedarach,3215,train
1033,Goupia glabra,2105,train
287,Manilkara elata,3129,train
1406,Mimosa scabrella,3524,train
192,Machaerium paraguariense,2928,train
1584,Bagassa guianensis,510,train
1053,Pouteria pachycarpa,4301,train
1543,Vochysia sp,4610,train
1330,Swietenia macrophylla,4506,train
220,Dipteryx sp,1609,train
364,Erisma uncinatum,1735,train
1899,Pinus sp,4201,train
381,Erisma uncinatum,1747,train
1239,Aspidosperma sp,436,train
1561,Bagassa guianensis,540,train
834,Aspidosperma polyneuron,314,train
944,Hymenolobium petraeum,2525,train
393,Couratari sp,1525,train
391,Couratari sp,1531,train
135,Mezilaurus itauba,3345,train
764,Micropholis venulosa,3441,train
1461,Cordia goeldiana,1422,train
948,Hymenolobium petraeum,2501,train
1094,Araucaria angustifolia,239,train
483,Myroxylon balsamum,3736,train
1460,Cordia goeldiana,1417,train
1337,Laurus nobilis,2805,train
214,Dipteryx sp,1622,train
1607,Balfourodendron riedelianum,660,train
1514,Vochysia sp,4617,train
557,Ocotea porosa,4041,train
1220,Aspidosperma sp,431,train
271,Muellera campestris,3624,train
1167,Cariniana estrellensis,1101,train
1794,Cedrelinga cateniformis,1337,train
495,Myroxylon balsamum,3713,train
261,Muellera campestris,3614,train
1016,Goupia glabra,2110,train
1387,Bertholletia excelsa,716,train
102,Mezilaurus itauba,3382,train
65,Euxylophora paraensis,2035,train
665,Grevillea robusta,2208,train
1773,Hymenaea sp,2403,train
398,Couratari sp,1521,train
1831,Cedrelinga cateniformis,1323,train
1031,Goupia glabra,2122,train
1659,Balfourodendron riedelianum,659,train
122,Mezilaurus itauba,3335,train
991,Melia azedarach,3234,train
1213,Aspidosperma sp,421,train
368,Erisma uncinatum,1715,train
593,Handroanthus sp,2309,train
218,Dipteryx sp,1619,train
1567,Bagassa guianensis,511,train
1248,Cedrela fissilis,1207,train
283,Manilkara elata,3126,train
1264,Cedrela fissilis,1215,train
848,Aspidosperma polyneuron,304,train
1333,Swietenia macrophylla,4509,train
1898,Pinus sp,4211,train
949,Hymenolobium petraeum,2510,train
1642,Balfourodendron riedelianum,651,train
64,Euxylophora paraensis,2007,train
1851,Cedrelinga cateniformis,1327,train
1117,Araucaria angustifolia,212,train
806,Inga vera,2713,train
1582,Bagassa guianensis,522,train
230,Dipteryx sp,1613,train
606,Handroanthus sp,2332,train
500,Myroxylon balsamum,3750,train
691,Eugenia pyriformis,1925,train
1674,Bowdichia sp,847,train
1115,Araucaria angustifolia,230,train
1778,Hymenaea sp,2414,train
175,Machaerium paraguariense,2935,train
110,Mezilaurus itauba,3368,train
43,Euxylophora paraensis,2033,train
1388,Bertholletia excelsa,727,train
521,Myroxylon balsamum,3744,train
97,Mezilaurus itauba,3320,train
288,Manilkara elata,3102,train
349,Erisma uncinatum,1710,train
810,Inga vera,2730,train
400,Couratari sp,1528,train
1151,Acrocarpus fraxinifolius,102,train
1762,Hymenaea sp,2401,train
1703,Bowdichia sp,801,train
1091,Pouteria pachycarpa,4304,train
917,Peltogyne sp,4140,train
982,Melia azedarach,3227,train
795,Inga vera,2716,train
678,Grevillea robusta,2220,train
976,Melia azedarach,3206,train
1265,Swietenia macrophylla,4542,train
1553,Bagassa guianensis,532,train
1806,Cedrelinga cateniformis,1350,train
530,Myroxylon balsamum,3739,train
988,Melia azedarach,3220,train
1294,Swietenia macrophylla,4536,train
96,Mezilaurus itauba,3319,train
1537,Vochysia sp,4609,train
1197,Cariniana estrellensis,1126,train
1476,Ocotea indecora,3936,train
1082,Pouteria pachycarpa,4343,train
582,Handroanthus sp,2306,train
1833,Cedrelinga cateniformis,1356,train
748,Micropholis venulosa,3416,train
157,Mezilaurus itauba,3370,train
784,Micropholis venulosa,3467,train
188,Machaerium paraguariense,2910,train
84,Brosimum parinarioides,902,train
943,Hymenolobium petraeum,2523,train
1300,Swietenia macrophylla,4565,train
650,Grevillea robusta,2247,train
899,Peltogyne sp,4130,train
309,Manilkara elata,3115,train
842,Aspidosperma polyneuron,312,train
1734,Simarouba amara,4413,train
1144,Araucaria angustifolia,248,train
253,Muellera campestris,3631,train
327,Machaerium sp,3009,train
442,Nectandra megapotamica,3823,train
384,Erisma uncinatum,1723,train
435,Nectandra megapotamica,3813,train
1893,Pinus sp,4222,train
1855,Cedrelinga cateniformis,1331,train
166,Mezilaurus itauba,3338,train
34,Euxylophora paraensis,2011,train
328,Machaerium sp,3012,train
9,Euxylophora paraensis,2061,train
1170,Cariniana estrellensis,1135,train
825,Inga vera,2724,train
721,Micropholis venulosa,3452,train
279,Manilkara elata,3101,train
1207,Aspidosperma sp,434,train
922,Peltogyne sp,4111,train
100,Mezilaurus itauba,3348,train
156,Mezilaurus itauba,3379,train
1301,Swietenia macrophylla,4533,train
277,Manilkara elata,3136,train
312,Manilkara elata,3131,train
1810,Cedrelinga cateniformis,1317,train
30,Euxylophora paraensis,2044,train
323,Machaerium sp,3003,train
275,Muellera campestris,3616,train
1007,Melia azedarach,3237,train
1362,Laurus nobilis,2801,train
1233,Aspidosperma sp,415,train
833,Aspidosperma polyneuron,308,train
1363,Laurus nobilis,2818,train
1335,Laurus nobilis,2803,train
2,Euxylophora paraensis,2041,train
1046,Goupia glabra,2124,train
1835,Cedrelinga cateniformis,1351,train
827,Inga vera,2737,train
880,Peltogyne sp,4133,train
1079,Pouteria pachycarpa,4339,train
262,Muellera campestris,3639,train
1818,Cedrelinga cateniformis,1348,train
524,Myroxylon balsamum,3746,train
894,Peltogyne sp,4143,train
1131,Araucaria angustifolia,225,train
776,Micropholis venulosa,3417,train
945,Hymenolobium petraeum,2511,train
603,Handroanthus sp,2307,train
1731,Bowdichia sp,820,train
866,Hymenolobium sp,2607,train
1371,Bertholletia excelsa,732,train
290,Manilkara elata,3133,train
340,Erisma uncinatum,1711,train
860,Hymenolobium sp,2615,train
830,Inga vera,2711,train
1501,Ocotea indecora,3924,train
1770,Hymenaea sp,2420,train
1631,Balfourodendron riedelianum,623,train
695,Eugenia pyriformis,1913,train
802,Inga vera,2710,train
1181,Cariniana estrellensis,1116,train
643,Grevillea robusta,2244,train
543,Ocotea porosa,4042,train
1323,Swietenia macrophylla,4531,train
1800,Cedrelinga cateniformis,1353,train
1112,Araucaria angustifolia,209,train
423,Couratari sp,1512,train
36,Euxylophora paraensis,2006,train
1262,Cedrela fissilis,1213,train
210,Machaerium paraguariense,2917,train
1481,Ocotea indecora,3921,train
1764,Hymenaea sp,2421,train
942,Hymenolobium petraeum,2506,train
1234,Aspidosperma sp,401,train
235,Dipteryx sp,1606,train
127,Mezilaurus itauba,3356,train
898,Peltogyne sp,4110,train
575,Ocotea porosa,4016,train
259,Muellera campestris,3630,train
1184,Cariniana estrellensis,1110,train
1108,Araucaria angustifolia,224,train
561,Ocotea porosa,4019,train
1400,Bertholletia excelsa,731,train
1673,Bowdichia sp,866,train
488,Myroxylon balsamum,3727,train
380,Erisma uncinatum,1728,train
162,Mezilaurus itauba,3323,train
472,Carapa guianensis,1011,train
1178,Cariniana estrellensis,1133,train
1842,Cedrelinga cateniformis,1341,train
456,Nectandra megapotamica,3803,train
997,Melia azedarach,3212,train
1693,Bowdichia sp,804,train
1872,Pinus sp,4231,train
601,Handroanthus sp,2319,train
670,Grevillea robusta,2241,train
1653,Balfourodendron riedelianum,603,train
527,Myroxylon balsamum,3749,train
1142,Araucaria angustifolia,227,train
1433,Mimosa scabrella,3509,train
1510,Vochysia sp,4641,train
1480,Ocotea indecora,3905,train
1808,Cedrelinga cateniformis,1307,train
919,Peltogyne sp,4123,train
578,Handroanthus sp,2325,train
1352,Laurus nobilis,2836,train
106,Mezilaurus itauba,3321,train
1706,Bowdichia sp,830,train
1807,Cedrelinga cateniformis,1313,train
278,Manilkara elata,3134,train
1812,Cedrelinga cateniformis,1355,train
872,Hymenolobium sp,2616,train
1072,Pouteria pachycarpa,4331,train
878,Hymenolobium sp,2603,train
639,Grevillea robusta,2206,train
1803,Cedrelinga cateniformis,1316,train
1370,Laurus nobilis,2809,train
966,Hymenolobium petraeum,2521,train
674,Grevillea robusta,2215,train
245,Muellera campestris,3611,train
13,Euxylophora paraensis,2066,train
720,Eugenia pyriformis,1914,train
1259,Cedrela fissilis,1220,train
1801,Cedrelinga cateniformis,1310,test
1176,Cariniana estrellensis,1105,test
130,Mezilaurus itauba,3328,test
1275,Swietenia macrophylla,4561,test
470,Carapa guianensis,1020,test
637,Eucalyptus sp,1817,test
971,Melia azedarach,3218,test
724,Micropholis venulosa,3442,test
460,Carapa guianensis,1010,test
1260,Cedrela fissilis,1206,test
1123,Araucaria angustifolia,240,test
1383,Bertholletia excelsa,713,test
1611,Balfourodendron riedelianum,635,test
41,Euxylophora paraensis,2032,test
1795,Cedrelinga cateniformis,1347,test
1841,Cedrelinga cateniformis,1336,test
333,Erisma uncinatum,1739,test
955,Hymenolobium petraeum,2522,test
1681,Bowdichia sp,849,test
1394,Bertholletia excelsa,728,test
266,Muellera campestris,3627,test
1124,Araucaria angustifolia,243,test
906,Peltogyne sp,4148,test
1355,Laurus nobilis,2806,test
372,Erisma uncinatum,1703,test
416,Couratari sp,1516,test
671,Grevillea robusta,2240,test
1435,Mimosa scabrella,3516,test
1235,Aspidosperma sp,429,test
105,Mezilaurus itauba,3362,test
1865,Pinus sp,4234,test
1283,Swietenia macrophylla,4517,test
823,Inga vera,2721,test
331,Erisma uncinatum,1713,test
1463,Cordia goeldiana,1412,test
1848,Cedrelinga cateniformis,1363,test
1128,Araucaria angustifolia,242,test
1774,Hymenaea sp,2428,test
1206,Aspidosperma sp,424,test
1158,Acrocarpus fraxinifolius,117,test
509,Myroxylon balsamum,3751,test
1432,Mimosa scabrella,3518,test
1348,Laurus nobilis,2832,test
846,Aspidosperma polyneuron,316,test
417,Couratari sp,1503,test
868,Hymenolobium sp,2621,test
376,Erisma uncinatum,1757,test
450,Nectandra megapotamica,3825,test
1246,Cedrela fissilis,1214,test
513,Myroxylon balsamum,3747,test
1187,Cariniana estrellensis,1130,test
334,Erisma uncinatum,1725,test
1870,Pinus sp,4218,test
967,Hymenolobium petraeum,2509,test
1738,Simarouba amara,4401,test
455,Nectandra megapotamica,3828,test
425,Couratari sp,1527,test
1382,Bertholletia excelsa,714,test
1084,Pouteria pachycarpa,4330,test
1228,Aspidosperma sp,435,test
37,Euxylophora paraensis,2014,test
15,Euxylophora paraensis,2055,test
519,Myroxylon balsamum,3732,test
1041,Goupia glabra,2127,test
61,Euxylophora paraensis,2010,test
1396,Bertholletia excelsa,702,test
1790,Hymenaea sp,2405,test
1039,Goupia glabra,2130,test
342,Erisma uncinatum,1716,test
403,Couratari sp,1511,test
305,Manilkara elata,3120,test
1166,Cariniana estrellensis,1106,test
694,Eugenia pyriformis,1924,test
414,Couratari sp,1506,test
95,Mezilaurus itauba,3330,test
699,Eugenia pyriformis,1910,test
1538,Vochysia sp,4618,test
179,Machaerium paraguariense,2927,test
778,Micropholis venulosa,3426,test
817,Inga vera,2727,test
1100,Araucaria angustifolia,229,test
1798,Cedrelinga cateniformis,1361,test
553,Ocotea porosa,4013,test
1272,Swietenia macrophylla,4512,test
1705,Bowdichia sp,810,test
145,Mezilaurus itauba,3312,test
558,Ocotea porosa,4024,test
1512,Vochysia sp,4643,test
1058,Pouteria pachycarpa,4346,test
1449,Cordia goeldiana,1421,test
856,Hymenolobium sp,2609,test
217,Dipteryx sp,1607,test
1557,Bagassa guianensis,542,test
1230,Aspidosperma sp,416,test
16,Euxylophora paraensis,2016,test
249,Muellera campestris,3620,test
452,Nectandra megapotamica,3826,test
801,Inga vera,2729,test
74,Brosimum parinarioides,912,test
1824,Cedrelinga cateniformis,1343,test
1664,Bowdichia sp,865,test
190,Machaerium paraguariense,2918,test
1192,Cariniana estrellensis,1131,test
1366,Laurus nobilis,2827,test
1671,Bowdichia sp,862,test
484,Myroxylon balsamum,3734,test
165,Mezilaurus itauba,3359,test
1608,Balfourodendron riedelianum,636,test
1154,Acrocarpus fraxinifolius,111,test
1644,Balfourodendron riedelianum,654,test
584,Handroanthus sp,2320,test
1407,Mimosa scabrella,3515,test
1650,Balfourodendron riedelianum,648,test
936,Peltogyne sp,4117,test
345,Erisma uncinatum,1737,test
321,Machaerium sp,3014,test
1886,Pinus sp,4236,test
1414,Mimosa scabrella,3506,test
1135,Araucaria angustifolia,234,test
1641,Balfourodendron riedelianum,633,test
1380,Bertholletia excelsa,715,test
1658,Balfourodendron riedelianum,649,test
927,Peltogyne sp,4145,test
727,Micropholis venulosa,3430,test
743,Micropholis venulosa,3454,test
107,Mezilaurus itauba,3351,test
1518,Vochysia sp,4604,test
1586,Bagassa guianensis,509,test
600,Handroanthus sp,2322,test
985,Melia azedarach,3224,test
544,Ocotea porosa,4002,test
1011,Melia azedarach,3202,test
194,Machaerium paraguariense,2920,test
1453,Cordia goeldiana,1406,test
832,Aspidosperma polyneuron,319,test
874,Hymenolobium sp,2623,test
984,Melia azedarach,3245,test
227,Dipteryx sp,1608,test
809,Inga vera,2720,test
1372,Bertholletia excelsa,730,test
598,Handroanthus sp,2328,test
1836,Cedrelinga cateniformis,1334,test
779,Micropholis venulosa,3457,test
90,Brosimum parinarioides,916,test
1860,Pinus sp,4229,test
1616,Balfourodendron riedelianum,601,test
1210,Aspidosperma sp,426,test
293,Manilkara elata,3117,test
346,Erisma uncinatum,1727,test
89,Brosimum parinarioides,924,test
822,Inga vera,2735,test
341,Erisma uncinatum,1720,test
163,Mezilaurus itauba,3355,test
1811,Cedrelinga cateniformis,1303,test
730,Micropholis venulosa,3424,test
478,Carapa guianensis,1008,test
1697,Bowdichia sp,816,test
1890,Pinus sp,4206,test
1863,Pinus sp,4242,test
412,Couratari sp,1534,test
185,Machaerium paraguariense,2926,test
1708,Bowdichia sp,829,test
588,Handroanthus sp,2313,test
1619,Balfourodendron riedelianum,647,test
569,Ocotea porosa,4039,test
1560,Bagassa guianensis,512,test
1766,Hymenaea sp,2417,test
1785,Hymenaea sp,2418,test
1609,Balfourodendron riedelianum,641,test
1549,Vochysia sp,4624,test
397,Couratari sp,1526,test
339,Erisma uncinatum,1721,test
1556,Bagassa guianensis,537,test
385,Erisma uncinatum,1751,test
173,Mezilaurus itauba,3378,test
692,Eugenia pyriformis,1927,test
512,Myroxylon balsamum,3718,test
1048,Pouteria pachycarpa,4309,test
1040,Goupia glabra,2121,test
673,Grevillea robusta,2211,test
395,Couratari sp,1510,test
1725,Bowdichia sp,817,test
807,Inga vera,2733,test
66,Brosimum parinarioides,914,test
737,Micropholis venulosa,3419,test
838,Aspidosperma polyneuron,303,test
502,Myroxylon balsamum,3703,test
532,Ocotea porosa,4017,test
1331,Swietenia macrophylla,4554,test
407,Couratari sp,1532,test
53,Euxylophora paraensis,2026,validation
141,Mezilaurus itauba,3305,validation
888,Peltogyne sp,4127,validation
1180,Cariniana estrellensis,1115,validation
1496,Ocotea indecora,3926,validation
315,Manilkara elata,3116,validation
714,Eugenia pyriformis,1932,validation
1459,Cordia goeldiana,1413,validation
638,Grevillea robusta,2209,validation
1672,Bowdichia sp,823,validation
1351,Laurus nobilis,2830,validation
324,Machaerium sp,3008,validation
1467,Cordia goeldiana,1414,validation
1882,Pinus sp,4233,validation
792,Inga vera,2707,validation
183,Machaerium paraguariense,2934,validation
1868,Pinus sp,4212,validation
1711,Bowdichia sp,812,validation
1645,Balfourodendron riedelianum,629,validation
1805,Cedrelinga cateniformis,1305,validation
1446,Cordia goeldiana,1432,validation
1308,Swietenia macrophylla,4524,validation
523,Myroxylon balsamum,3711,validation
237,Dipteryx sp,1605,validation
152,Mezilaurus itauba,3334,validation
1566,Bagassa guianensis,502,validation
978,Melia azedarach,3219,validation
1065,Pouteria pachycarpa,4336,validation
907,Peltogyne sp,4131,validation
1068,Pouteria pachycarpa,4337,validation
1169,Cariniana estrellensis,1122,validation
6,Euxylophora paraensis,2034,validation
1832,Cedrelinga cateniformis,1301,validation
1625,Balfourodendron riedelianum,638,validation
900,Peltogyne sp,4102,validation
1420,Mimosa scabrella,3512,validation
443,Nectandra megapotamica,3804,validation
45,Euxylophora paraensis,2045,validation
726,Micropholis venulosa,3404,validation
895,Peltogyne sp,4147,validation
422,Couratari sp,1505,validation
1610,Balfourodendron riedelianum,652,validation
318,Machaerium sp,3011,validation
410,Couratari sp,1535,validation
580,Handroanthus sp,2318,validation
394,Couratari sp,1504,validation
1218,Aspidosperma sp,430,validation
365,Erisma uncinatum,1729,validation
1027,Goupia glabra,2108,validation
359,Erisma uncinatum,1724,validation
620,Eucalyptus sp,1810,validation
1687,Bowdichia sp,852,validation
1320,Swietenia macrophylla,4544,validation
454,Nectandra megapotamica,3807,validation
1755,Simarouba amara,4410,validation
72,Brosimum parinarioides,909,validation
50,Euxylophora paraensis,2025,validation
1418,Mimosa scabrella,3526,validation
1494,Ocotea indecora,3920,validation
1182,Cariniana estrellensis,1128,validation
640,Grevillea robusta,2201,validation
281,Manilkara elata,3111,validation
1782,Hymenaea sp,2423,validation
1791,Hymenaea sp,2413,validation
851,Aspidosperma polyneuron,315,validation
1574,Bagassa guianensis,523,validation
139,Mezilaurus itauba,3376,validation
458,Carapa guianensis,1003,validation
1157,Acrocarpus fraxinifolius,107,validation
1696,Bowdichia sp,835,validation
929,Peltogyne sp,4155,validation
829,Inga vera,2732,validation
371,Erisma uncinatum,1750,validation
431,Nectandra megapotamica,3821,validation
1599,Bagassa guianensis,533,validation
1874,Pinus sp,4213,validation
969,Melia azedarach,3240,validation
430,Nectandra megapotamica,3815,validation
138,Mezilaurus itauba,3375,validation
112,Mezilaurus itauba,3326,validation
280,Manilkara elata,3138,validation
793,Inga vera,2722,validation
1524,Vochysia sp,4613,validation
264,Muellera campestris,3619,validation
921,Peltogyne sp,4105,validation
1356,Laurus nobilis,2825,validation
1229,Aspidosperma sp,425,validation
625,Eucalyptus sp,1825,validation
1269,Swietenia macrophylla,4503,validation
1038,Goupia glabra,2120,validation
208,Machaerium paraguariense,2905,validation
1409,Mimosa scabrella,3502,validation
1329,Swietenia macrophylla,4514,validation
1148,Araucaria angustifolia,214,validation
887,Peltogyne sp,4124,validation
1879,Pinus sp,4238,validation
239,Muellera campestris,3617,validation
953,Hymenolobium petraeum,2517,validation
78,Brosimum parinarioides,921,validation
101,Mezilaurus itauba,3369,validation
754,Micropholis venulosa,3450,validation
712,Eugenia pyriformis,1918,validation
885,Peltogyne sp,4108,validation
719,Eugenia pyriformis,1926,validation
1037,Goupia glabra,2118,validation
1555,Bagassa guianensis,517,validation
608,Handroanthus sp,2304,validation
250,Muellera campestris,3613,validation
1313,Swietenia macrophylla,4504,validation
655,Grevillea robusta,2236,validation
1612,Balfourodendron riedelianum,605,validation
1111,Araucaria angustifolia,204,validation
1482,Ocotea indecora,3904,validation
755,Micropholis venulosa,3438,validation
968,Melia azedarach,3205,validation
1219,Aspidosperma sp,419,validation
1775,Hymenaea sp,2407,validation
1378,Bertholletia excelsa,712,validation
1334,Swietenia macrophylla,4551,validation
685,Grevillea robusta,2222,validation
992,Melia azedarach,3211,validation
533,Ocotea porosa,4006,validation
1138,Araucaria angustifolia,223,validation
812,Inga vera,2725,validation
1263,Cedrela fissilis,1218,validation
1528,Vochysia sp,4614,validation
1709,Bowdichia sp,860,validation
411,Couratari sp,1523,validation
351,Erisma uncinatum,1704,validation
1194,Cariniana estrellensis,1108,validation
448,Nectandra megapotamica,3811,validation
68,Brosimum parinarioides,917,validation
1161,Acrocarpus fraxinifolius,108,validation
1843,Cedrelinga cateniformis,1319,validation
506,Myroxylon balsamum,3741,validation
1474,Ocotea indecora,3903,validation
1683,Bowdichia sp,840,validation
390,Couratari sp,1513,validation
1883,Pinus sp,4204,validation
297,Manilkara elata,3135,validation
415,Couratari sp,1501,validation
876,Hymenolobium sp,2625,validation
952,Hymenolobium petraeum,2515,validation
667,Grevillea robusta,2229,validation
522,Myroxylon balsamum,3723,validation
1022,Goupia glabra,2119,validation
1365,Laurus nobilis,2835,validation
1589,Bagassa guianensis,506,validation
1,Euxylophora paraensis,2021,validation
1340,Laurus nobilis,2824,validation
438,Nectandra megapotamica,3806,validation
1779,Hymenaea sp,2427,validation
1815,Cedrelinga cateniformis,1335,validation
1532,Vochysia sp,4615,validation
1004,Melia azedarach,3247,validation
322,Machaerium sp,3015,validation
1739,Simarouba amara,4411,validation
4,Euxylophora paraensis,2001,validation
826,Inga vera,2714,validation
1302,Swietenia macrophylla,4535,validation
387,Erisma uncinatum,1746,validation
1475,Ocotea indecora,3925,validation
1569,Bagassa guianensis,504,validation
1716,Bowdichia sp,815,validation
1204,Aspidosperma sp,403,validation
1429,Mimosa scabrella,3527,validation
1172,Cariniana estrellensis,1119,validation
1478,Ocotea indecora,3901,validation
1637,Balfourodendron riedelianum,644,validation
1487,Ocotea indecora,3934,validation
1226,Aspidosperma sp,423,validation
462,Carapa guianensis,1019,validation
1198,Cariniana estrellensis,1114,validation
1881,Pinus sp,4226,validation
27,Euxylophora paraensis,2059,validation
1412,Mimosa scabrella,3521,validation
353,Erisma uncinatum,1714,validation
1390,Bertholletia excelsa,710,validation
1214,Aspidosperma sp,427,validation
596,Handroanthus sp,2329,validation
551,Ocotea porosa,4001,validation
686,Eugenia pyriformis,1928,validation
824,Inga vera,2715,validation
1615,Balfourodendron riedelianum,607,validation
1008,Melia azedarach,3225,validation
780,Micropholis venulosa,3418,validation
977,Melia azedarach,3230,validation
1325,Swietenia macrophylla,4505,validation
710,Eugenia pyriformis,1923,validation
1299,Swietenia macrophylla,4538,validation
219,Dipteryx sp,1602,validation
